{
  "episodes": 100,
  "level": 3,
  "terminal_only": false,
  "final_mean_reward": 5.9,
  "reward_curve": [
    5.85,
    4.875,
    5.925000000000001,
    4.3500000000000005,
    6.375,
    6.825,
    4.725,
    6.15,
    7.125,
    5.175,
    5.775,
    5.324999999999999,
    5.85,
    4.65,
    6.375,
    4.575,
    4.949999999999999,
    6.0,
    5.7,
    6.0,
    5.7,
    4.7250000000000005,
    7.199999999999999,
    5.475,
    4.95,
    6.3,
    5.4,
    7.199999999999999,
    5.4750000000000005,
    5.550000000000001,
    4.575,
    5.55,
    7.35,
    5.4,
    5.0249999999999995,
    6.5249999999999995,
    7.3500000000000005,
    5.625,
    4.575,
    5.85,
    7.275,
    5.775,
    6.375,
    5.625,
    5.625,
    5.475,
    6.45,
    5.325,
    6.375,
    5.174999999999999,
    5.7,
    7.35,
    6.15,
    6.9,
    5.475,
    6.300000000000001,
    4.575,
    6.3,
    5.625,
    7.425000000000001,
    4.425,
    6.9750000000000005,
    5.175,
    5.699999999999999,
    6.225,
    4.8,
    5.325,
    5.325,
    6.225,
    6.15,
    4.875,
    5.775,
    5.175,
    4.875,
    5.475,
    6.525,
    6.375,
    5.625,
    5.1,
    4.5,
    4.65,
    6.15,
    5.85,
    5.324999999999999,
    5.775,
    4.65,
    6.1499999999999995,
    5.925000000000001,
    5.55,
    6.75,
    5.8500000000000005,
    5.625,
    5.625,
    6.825,
    5.475,
    6.9,
    5.025,
    6.15,
    6.225,
    5.325
  ],
  "defender_evasion": [
    1.0,
    1.0,
    1.0,
    1.0,
    1.0,
    1.0,
    1.0,
    1.0,
    1.0,
    1.0,
    1.0,
    1.0,
    1.0,
    1.0,
    1.0,
    1.0,
    1.0,
    1.0,
    1.0,
    1.0,
    1.0,
    1.0,
    1.0,
    1.0,
    1.0,
    1.0,
    1.0,
    1.0,
    1.0,
    1.0,
    1.0,
    1.0,
    1.0,
    1.0,
    1.0,
    1.0,
    1.0,
    1.0,
    1.0,
    1.0,
    1.0,
    1.0,
    1.0,
    1.0,
    1.0,
    1.0,
    1.0,
    1.0,
    1.0,
    1.0,
    1.0,
    1.0,
    1.0,
    1.0,
    1.0,
    1.0,
    1.0,
    1.0,
    1.0,
    1.0,
    1.0,
    1.0,
    1.0,
    1.0,
    1.0,
    1.0,
    1.0,
    1.0,
    1.0,
    1.0,
    1.0,
    1.0,
    1.0,
    1.0,
    1.0,
    1.0,
    1.0,
    1.0,
    1.0,
    1.0,
    1.0,
    1.0,
    1.0,
    1.0,
    1.0,
    1.0,
    1.0,
    1.0,
    1.0,
    1.0,
    1.0,
    1.0,
    1.0,
    1.0,
    1.0,
    1.0,
    1.0,
    1.0,
    1.0,
    1.0
  ]
}